{"id":"appsec-251","displayName":"opi-ipsec","createdOn":1713469649,"lastModified":1713476354,"lastAccessed":1713475203,"tags":{"Application":"CyPerf","category":"CyPerf"},"type":"appsec","ownerId":"faeb277a-2a81-4b25-943e-9f9374e8461a","owner":"admin@example.org","readonly":false,"configUrl":"http://wap-appsec-resource-service.keysight-wap.svc.cluster.local./api/v2/resources/configs/appsec-251","configData":null,"application":"","encodedFiles":true,"linkedResources":[{"rel":"child","type":"child","method":"POST","name":"Secured_RSAdes3_cert_2048.pem","href":"http://wap-appsec-resource-service.keysight-wap.svc.cluster.local./api/v2/resources/tls-certificates","contentType":"multipart/form-data"},{"rel":"child","type":"child","method":"GET","name":"Secured_RSAdes3_key_2048.pem","href":"http://wap-appsec-resource-service.keysight-wap.svc.cluster.local./api/v2/resources/tls-keys/Secured_RSAdes3_key_2048.pem/contentFile","contentType":"multipart/form-data"},{"rel":"child","type":"child","method":"POST","name":"Secured_RSAdes3_key_2048.pem","href":"http://wap-appsec-resource-service.keysight-wap.svc.cluster.local./api/v2/resources/tls-keys","contentType":"multipart/form-data"},{"rel":"child","type":"child","method":"GET","name":"Secured_RSAdes3_cert_2048.pem","href":"http://wap-appsec-resource-service.keysight-wap.svc.cluster.local./api/v2/resources/tls-certificates/Secured_RSAdes3_cert_2048.pem/contentFile","contentType":"multipart/form-data"},{"rel":"child","type":"child","method":"GET","name":"configUrl","href":"http://wap-appsec-resource-service.keysight-wap.svc.cluster.local./api/v2/resources/configs/appsec-251","contentType":"application/json"}],"version":{"dataModelVersion":"1.0.12444-releasecyperf30","configServiceVersion":"1.0.12444-releasecyperf30"}}